VariableName,01/01,01/02,01/03,01/04,01/05,01/06,01/07,01/08,01/09,01/10,01/11,01/12,01/13,01/14,01/15,01/16,01/17,01/18,01/19,01/20,01/21,01/22,01/23,01/24,01/25,01/26,01/27,01/28,01/29,01/30
ZONE1_CORE_FLOOR:Surface Inside Face Conduction Heat Transfer Rate [W](Hourly),-723.4229308049465,-729.900812398883,-676.9413096066792,-620.4546937799332,-319.0026352470973,18.339592691065725,-574.0247311512576,-659.98860212191,-712.3616870437621,-748.4874651661822,-714.6641092721621,-444.1807252842687,-93.26130830103814,-719.9825586825024,-788.8328671950388,-764.996813088807,-735.8292976911961,-782.3115921609339,-487.1974909834533,-245.247868337416,-732.1611755179165,-789.7505176428436,-780.6057757928238,-779.8503035385065,-761.6857423726145,-558.0935627714716,-144.70887430375262,-744.0374229362982,-787.3183941179628,-750.1494091745577
ZONE1_CORE_FLOOR:Surface Inside Face Temperature [C](Hourly),8.706558689224563,8.654188176637216,8.174176639280594,7.662196241551847,4.929911034430025,1.872326410132092,7.241366804609282,8.020521586776608,8.495217980889052,8.82265289588036,8.516086553576274,6.064493579093828,2.883848747601809,8.564291633745318,9.188333414618034,8.972289449459582,8.707922467733663,9.129226227246424,6.4543866624257005,4.26141648321405,8.674675536195872,9.19665076615993,9.113765139167157,9.106917729748526,8.9422787420137,7.096970724157525,3.3501564723385058,8.782318838733904,9.17460661372897,8.83771633598838
ZONE1_CORE_FLOOR:Surface Outside Face Temperature [C](Hourly),2.1496362321308937,2.03855183933738,2.03855183933738,2.03855183933738,2.03855183933738,2.03855183933738,2.03855183933738,2.03855183933738,2.03855183933738,2.03855183933738,2.03855183933738,2.03855183933738,2.03855183933738,2.03855183933738,2.03855183933738,2.03855183933738,2.03855183933738,2.03855183933738,2.03855183933738,2.03855183933738,2.03855183933738,2.03855183933738,2.03855183933738,2.03855183933738,2.03855183933738,2.03855183933738,2.03855183933738,2.03855183933738,2.03855183933738,2.03855183933738
ZONE1_CORE_ROOF:Surface Inside Face Conduction Heat Transfer Rate [W](Hourly),-206.7130180266592,-194.8548434680075,-294.16800717721065,-357.42032934360344,-284.84463552909,-111.26951516161856,-293.8997095485919,-212.65183670577653,-149.5464467080524,-146.163940287481,-201.95983261567685,-157.03052691791677,-47.43462151642826,-108.52164578982122,-76.82971151887624,-149.55884761015318,-162.44734692598072,-120.70489168391605,-96.10564560611613,52.855361266823934,-113.34335579650116,-94.55869951368364,-118.5908257508938,-130.0070818202252,-141.239209972074,-28.05704090746441,-34.52714694393479,-74.89511241080702,-88.61782083891353,-183.55729739629444
ZONE1_CORE_ROOF:Surface Inside Face Temperature [C](Hourly),9.726043082624036,9.702635187082302,8.978647417915935,8.256861185328583,5.067776696317422,1.6292281356360698,7.856375843444058,8.912860667211058,9.565787927532758,9.978809252681096,9.519790620036115,6.643408451074982,2.9865412977752364,9.723615609102962,10.516027177777726,10.148780960763371,9.7969145151547,10.380422924341,7.21040527342048,4.843515149325277,9.836572504919324,10.500047976147078,10.355245690073074,10.333515194520515,10.118787356756398,8.108545087681861,3.5795266071730816,10.03087408510602,10.478059826695564,9.933231492111886
ZONE1_CORE_ROOF:Surface Outside Face Incident Solar Radiation Rate per Area [W/m2](Hourly),22.07980364407395,30.400833383827585,39.98650555073328,41.23011576071191,42.25221276314912,17.917495740377177,35.55724846653441,6.461482506509429,22.60629959698152,25.33301803072422,37.36481255129694,37.54491481338654,26.73395190095076,10.538871037998424,8.21366062437862,38.6640008019414,42.89707585207251,14.315836765198418,30.63011987245648,37.71403745012478,42.655618860034174,25.52682560922072,46.734037044604726,44.8937575380013,21.78588258330857,5.227734382929479,43.41357403736922,27.76689358105679,12.958673294817943,59.38269731197765
ZONE1_CORE_ROOF:Surface Outside Face Temperature [C](Hourly),0.9913454866167564,1.4690069954079987,-3.4514772527115216,-6.846002297991433,-6.968387145432682,-3.07248623082798,-4.562411860242069,-0.0727828330978055,3.2466745933943444,3.802624365828155,0.9859397707844294,0.0080538949686446,0.9821824118069294,5.1380129816339135,7.269573215118668,3.829143624165889,2.9326712071249688,5.280014941899139,3.1494430773665845,7.076928416669101,5.047227610968733,6.504452279231521,5.344167962683599,4.840041411981137,4.1506978789764455,6.922989528070704,2.120575495689223,6.866166972934676,6.733497079586745,2.1769832422303463
ZONE1_CORE_WALL_0:Surface Inside Face Conduction Heat Transfer Rate [W](Hourly),16.380412877154527,16.845275275525537,15.655223256557084,15.37274880123564,1.6770788600043236,-7.683625965426294,24.88326904376895,22.41703040265754,19.299480772876635,18.453774186756338,16.908114339839262,2.387818555174467,-13.398484087269862,21.83236459995781,17.499518810015275,16.30533191145499,14.820682347293626,16.294750665983813,0.4335141225416571,-16.497065908125975,18.529279118088592,16.047801582080336,14.68291071405792,14.801215330706183,15.466259832395007,2.085236255746065,-15.518646084723832,18.38262669064809,16.326941221625432,14.410152301130486
ZONE1_CORE_WALL_0:Surface Inside Face Temperature [C](Hourly),10.085039982293807,10.044841007535588,9.4705667393075,8.851764590411458,5.527494497043911,1.7973069074534962,8.391888177826077,9.313897604628862,9.860824009829567,10.25490995887574,9.87946093847954,6.895933117288611,3.002047907340653,9.953574884442798,10.680327327977604,10.421617818912337,10.09172386655313,10.607193913302927,7.3536369478697345,4.658233451386756,10.065591053288612,10.685190389306632,10.577952331975382,10.571215264103076,10.37842782476256,8.131274097322075,3.562717660565184,10.192785858440017,10.658128182460448,10.25343572376981
ZONE1_CORE_WALL_0:Surface Outside Face Temperature [C](Hourly),10.316873606621618,10.283253875954273,9.692136682290467,9.06933664413191,5.551230362147813,1.688559779471855,8.74406357723781,9.631168081502066,10.13397149449774,10.516088073513464,10.11876317447024,6.929728152495286,2.81241781988526,10.262570527642582,10.92799977067755,10.652388814811506,10.30148246844871,10.837815151774985,7.359772516672539,4.424748825026106,10.327837796783047,10.912316532656538,10.785761038144758,10.78069834736282,10.597323349474305,8.16078665493432,3.3430807079765343,10.452957015438251,10.88920501709113,10.457384052797956
ZONE1_CORE_WALL_1:Surface Inside Face Conduction Heat Transfer Rate [W](Hourly),16.547463224704558,17.015696023545583,15.8099248599403,15.52573375364675,1.6950335049091665,-7.757363718569434,25.134881129850868,22.64031579902854,19.48859588411621,18.637024698735548,17.07398554631561,2.4024554008693784,-13.52675987606596,22.05122795604878,17.67544540208564,16.465365701041353,14.962883463843598,16.45625198606803,0.4386617284201263,-16.656015286315675,18.710208931132225,16.208397794086235,14.828364668577905,14.948341287503132,15.61912414242522,2.105895846770731,-15.668082960664426,18.566004290310943,16.491686218762734,14.549977701262696
ZONE1_CORE_WALL_1:Surface Inside Face Temperature [C](Hourly),10.084662979896352,10.044465584049815,9.470165028304422,8.85136843618673,5.527323122584165,1.7973735301840603,8.391443116905792,9.313455392642762,9.860406589976623,10.254494120630987,9.879057893874863,6.895718976276117,3.00216288406603,9.953167425297869,10.679947355835258,10.421219357064455,10.091332224005974,10.606805926482574,7.35347558454595,4.658360435424951,10.06519353938556,10.68481272271489,10.57757903038316,10.570844109486664,10.37804504021459,8.131101976825521,3.562843842953232,10.19241179669346,10.657759850133685,10.25303570009499
ZONE1_CORE_WALL_1:Surface Outside Face Temperature [C](Hourly),10.316474856283277,10.282836890254549,9.691644798197338,9.068866999250066,5.551068689622202,1.6887013418855703,8.743555333645713,9.630621475207604,10.133420520794658,10.515578469755472,10.118245772593678,6.929374750992085,2.8126677605098824,10.26208103094927,10.927561029846323,10.651881136862634,10.300945869602964,10.837340033093623,7.3596207559830065,4.425027863282669,10.327303119628764,10.911874662956183,10.785308214663248,10.7802540350851,10.596851900565872,8.160603276274642,3.343351123061572,10.452501227508408,10.888790351621566,10.456864987189707
ZONE1_CORE_WALL_2:Surface Inside Face Conduction Heat Transfer Rate [W](Hourly),43.48396518930917,51.32018138678103,55.15085081285813,49.93139087673629,65.48385544574508,44.91202455902508,-27.349808763139748,-10.037345095675745,21.949785164453065,30.977248611976435,44.20818519666215,78.40412710660551,74.62929540580808,6.132832506418924,37.97004363220282,56.470620460465376,59.04431506855028,53.57580299544188,79.82976250813608,104.6868643093094,32.30844877369,48.392962361409495,61.87162765777913,64.66845509027665,54.99872744615981,78.92364687806597,87.91695118476714,27.12268097278559,46.97820274331249,63.1890780106902
ZONE1_CORE_WALL_2:Surface Inside Face Temperature [C](Hourly),10.259754629382623,10.246647285513632,9.696465548199935,9.05989791984938,5.85973708504408,2.069576691070405,8.21957091318311,9.244605997594514,9.929236060676908,10.36334203909018,10.05011677032176,7.278735353070985,3.4403058950177026,9.939343029732113,10.821485473470938,10.642114859011444,10.331484783840777,10.821295583688892,7.753051925367502,5.24733040223597,10.173438527952634,10.877248668885995,10.827769012852164,10.83363200267556,10.604346737709411,8.518951625874932,4.074537882422738,10.2734834870681,10.84241452131004,10.50966849634255
ZONE1_CORE_WALL_2:Surface Outside Face Temperature [C](Hourly),10.875187675224003,10.972987107710065,10.47702123001815,9.766582046666803,6.786536847553312,2.705221208513335,7.83248624790478,9.102546416838718,10.239893634808269,10.80176623481512,10.675799776649583,8.388397053462926,4.496542012874877,10.02614164095877,11.358879418608256,11.441349376821265,11.167145066983258,11.57955945123952,8.882890790689173,6.728974394014837,10.63070333691469,11.562159258196552,11.703444542781812,11.748891319823809,11.382749401823212,9.63596614319451,5.318835563491427,10.657353589295331,11.507301871775928,11.403990037046675
ZONE1_CORE_WALL_3:Surface Inside Face Conduction Heat Transfer Rate [W](Hourly),51.442635304068325,55.723788882179626,65.8779447291774,63.26385607346509,80.94462871677555,50.3878955850489,-17.46126468098007,-6.283939588090289,28.821363006551582,40.91019145586436,55.81169673600949,90.10982028048076,88.73630749770359,9.425485564518532,40.43259684864922,61.049891823276845,66.12784741887225,54.22253110348575,88.1606178813435,106.82093259939592,40.47114396592831,54.42895932760706,69.2193152810119,72.89137391772653,58.79075913025679,82.10251009344871,108.11814855625398,28.078416991153304,51.87411387529173,70.62472203390031
ZONE1_CORE_WALL_3:Surface Inside Face Temperature [C](Hourly),10.28676583799677,10.260946859400738,9.733223416007355,9.10703659708844,5.917654514163488,2.093449083106247,8.258136034195875,9.25996420497483,9.953986083721162,10.398230581630362,10.09124591507251,7.320865236640079,3.499453789272413,9.953705187188598,10.830006564047965,10.656389830892428,10.35438876769823,10.821439971412934,7.781289479027753,5.249443618601323,10.20087397217256,10.89721579756069,10.852043443657005,10.861033815718576,10.616744948557216,8.528511672071488,4.158500565168461,10.277514918654974,10.858595493860513,10.53411405275622
ZONE1_CORE_WALL_3:Surface Outside Face Temperature [C](Hourly),11.007420789196908,11.041576081061123,10.656101234442453,9.993293897902694,7.051600065611315,2.7993282865973903,8.013522849583826,9.171933097112015,10.35774179779449,10.97133753567637,10.873106629438071,8.58320507893326,4.7425522225360135,10.085745911762414,11.396422940981784,11.511631918562026,11.28076744897953,11.581038216630365,9.016323131590829,6.745887832910131,10.7678303519806,11.659705875999752,11.821730202142328,11.882162091964489,11.440339062692418,9.678677872832278,5.673117353579662,10.670862773152166,11.585294987041266,11.523489019843858
ZONE1_FRONTPERIMETER_FLOOR:Surface Inside Face Conduction Heat Transfer Rate [W](Hourly),-96.53451154812537,-97.42186924005668,-90.55628147744888,-83.41975107422685,-41.28932902170366,4.352925320303952,-80.1374452137622,-90.24102463869164,-95.88585554882934,-100.19669088958226,-95.56287961212148,-57.115630990223934,-8.0542399841298,-97.4557954244326,-104.92796373266792,-101.65750776653398,-97.59403138914152,-103.80058594188807,-61.95645839361138,-26.197062817422548,-98.07613001470332,-104.65450527400937,-103.1621059852907,-103.08287177214838,-100.99681542631932,-71.22376397247918,-13.930279115297836,-99.51656798624091,-104.4214229175198,-99.32825957885382
ZONE1_FRONTPERIMETER_FLOOR:Surface Inside Face Temperature [C](Hourly),8.876080011716953,8.826825958471836,8.348437562877452,7.851170111385261,4.915557646973996,1.7352436547907129,7.622461792632184,8.32647073082927,8.719797813065366,9.0201732031472,8.697293120747725,6.01832109108106,2.599764524538927,8.829189906537671,9.3498443256766,9.121961697619328,8.838822072589165,9.271289586998984,6.355625883464376,3.863941199119136,8.872414300374361,9.330789969688048,9.22680083925923,9.22127986575893,9.07592520962362,7.001363961637818,3.0092020016503667,8.972782809813582,9.314548986626162,8.95966163796323
ZONE1_FRONTPERIMETER_FLOOR:Surface Outside Face Temperature [C](Hourly),2.1496362321308937,2.03855183933738,2.03855183933738,2.03855183933738,2.03855183933738,2.03855183933738,2.03855183933738,2.03855183933738,2.03855183933738,2.03855183933738,2.03855183933738,2.03855183933738,2.03855183933738,2.03855183933738,2.03855183933738,2.03855183933738,2.03855183933738,2.03855183933738,2.03855183933738,2.03855183933738,2.03855183933738,2.03855183933738,2.03855183933738,2.03855183933738,2.03855183933738,2.03855183933738,2.03855183933738,2.03855183933738,2.03855183933738,2.03855183933738
ZONE1_FRONTPERIMETER_ROOF:Surface Inside Face Conduction Heat Transfer Rate [W](Hourly),-27.84272006868737,-26.33006324708026,-39.06908500345156,-47.21705202020127,-36.90442762467576,-13.80413219016942,-39.63262350959833,-28.98853464316147,-20.65131077683309,-20.17045062699807,-27.26472375738612,-20.462776141300846,-5.212547769746185,-15.526164269543337,-11.168955259032538,-20.470435596295545,-22.01869911375041,-16.739969594604425,-12.4759811032179,7.904324647203954,-15.932948177637169,-13.35491718791477,-16.367206089388134,-17.844051103701094,-19.327117395067457,-3.828190700014302,-3.3973174625440365,-10.9638636751571,-12.623635122378133,-24.727655723877547
ZONE1_FRONTPERIMETER_ROOF:Surface Inside Face Temperature [C](Hourly),10.037894095870032,10.030025089220608,9.248453289603717,8.497180110134423,5.017390053074334,1.406875014908776,8.326583299113974,9.350291032330546,9.958056214526165,10.35982228957348,9.845829156801775,6.653505340318868,2.665824332953731,10.18744389383699,10.900993591981823,10.482538741038583,10.087278362613914,10.72404251911953,7.199717294751431,4.505230803897829,10.22538052423277,10.847417337851406,10.661952496613402,10.639730738759027,10.431081126088804,8.164407538700079,3.2188615514307912,10.431440810165508,10.833331510733856,10.214627234612228
ZONE1_FRONTPERIMETER_ROOF:Surface Outside Face Incident Solar Radiation Rate per Area [W/m2](Hourly),22.07980364407395,30.400833383827585,39.98650555073328,41.23011576071191,42.25221276314912,17.917495740377177,35.55724846653441,6.461482506509429,22.60629959698152,25.33301803072422,37.36481255129694,37.54491481338654,26.73395190095076,10.538871037998424,8.21366062437862,38.6640008019414,42.89707585207251,14.315836765198418,30.63011987245648,37.71403745012478,42.655618860034174,25.52682560922072,46.734037044604726,44.8937575380013,21.78588258330857,5.227734382929479,43.41357403736922,27.76689358105679,12.958673294817943,59.38269731197765
ZONE1_FRONTPERIMETER_ROOF:Surface Outside Face Temperature [C](Hourly),0.9933466067712828,1.476855469237494,-3.442914285030397,-6.841007690425887,-6.970801021143639,-3.0773179386452085,-4.547846518296927,-0.0664677316352477,3.249596675644289,3.8075674049088906,0.9890404453365144,0.0062901935152301,0.9725581676380172,5.143858722811952,7.272822709441272,3.83283546432992,2.934630586419793,5.286159668918296,3.146966583514164,7.072905207279505,5.049653940103,6.509149294316437,5.345159727295582,4.84319335996915,4.152778191755021,6.920841805963182,2.1152625119073294,6.8698927491524415,6.7326162405398335,2.1819904829962127
ZONE1_FRONTPERIMETER_WALL_0:Surface Inside Face Conduction Heat Transfer Rate [W](Hourly),-0.0078050249809346,0.3433672679444892,1.0562039896985478,0.2808455577476832,0.6964382553302025,0.446328393825727,-1.6568805708443957,-1.2130920138795886,-0.6866427427851617,0.5944466392453419,0.3354974860080695,1.8993863715680197,-0.7578156843184267,-2.056917812896712,-0.1664681259385965,1.1065856996967642,-0.9810860505306233,0.6607814128918422,0.3394849147061102,0.7953551545659466,-1.8485699627016,-0.2689947607473944,0.2716861882546624,0.6202460344252394,-0.329650408910954,1.508660665602676,0.585793709260406,-2.266138214048785,0.1606100473707302,1.5073223626695975
ZONE1_FRONTPERIMETER_WALL_0:Surface Inside Face Temperature [C](Hourly),10.326055103979035,10.294102692578496,9.697283936061105,9.07347451689636,5.525400753317082,1.653292613505452,8.787716158587715,9.663734862340457,10.15691626338891,10.53475948695932,10.131092149625944,6.905423461851072,2.7539945902287,10.295151267324185,10.943822704475226,10.662284089828916,10.306782194636286,10.847244594998484,7.329806621097897,4.353106129722598,10.34847199591597,10.922125061621278,10.79092885522344,10.785170416919508,10.60365398230507,8.136073065210073,3.274662440534872,10.475076548862935,10.900492867479832,10.460474480025292
ZONE1_FRONTPERIMETER_WALL_0:Surface Outside Face Temperature [C](Hourly),10.32596567140113,10.29803710919036,9.709386273443068,9.076692538912218,5.53338077499274,1.6584067930180388,8.768731068713455,9.64983484968142,10.149048481961165,10.541570854700671,10.13493639165312,6.927187264025289,2.745311285512552,10.271582417384742,10.941915257198849,10.674963717637944,10.295540583640625,10.854816048687868,7.333696552412237,4.362219574202,10.327290465093348,10.919042829987712,10.794041926130523,10.792277402730628,10.5998767380363,8.153359802003438,3.281374660120148,10.44911038182696,10.902333190939288,10.477745882097546
ZONE1_FRONTPERIMETER_WALL_1:Surface Inside Face Conduction Heat Transfer Rate [W](Hourly),-0.0008754758995358,0.0462922502259461,0.1428588933665008,0.0368447152734828,0.0956862854042686,0.0602904946983011,-0.2250870661165874,-0.1634116983652527,-0.0920825928370668,0.079965769296181,0.0448379226779052,0.2576202178937872,-0.1019246021166197,-0.278622422569834,-0.0223767908003854,0.1489037093445498,-0.1319455447714105,0.0888109326034049,0.0474982152201746,0.1067364285499476,-0.2500694202002576,-0.0364838521311388,0.0367276161868456,0.083491003647585,-0.0442635088742697,0.2042572592392268,0.0792830334103118,-0.306618024929971,0.0214397194938551,0.2026642542241163
ZONE1_FRONTPERIMETER_WALL_1:Surface Inside Face Temperature [C](Hourly),10.396657358363688,10.364655503233704,9.769396844613366,9.145216522031978,5.565664877616762,1.6542176571896394,8.85891690559116,9.73410512219716,10.225390133000133,10.60460336886736,10.201544293484684,6.946338952823392,2.75408483230498,10.362523724209987,11.011170218158943,10.73193621079829,10.374374040215566,10.91582172506469,7.368451555386464,4.354851298250525,10.414960362026749,10.989718866240558,10.858803009362076,10.853462240171863,10.671832712018238,8.175481430033564,3.276410551010413,10.53956659103021,10.967612524389786,10.529975054747435
ZONE1_FRONTPERIMETER_WALL_1:Surface Outside Face Temperature [C](Hourly),10.396582848969707,10.368595311870513,9.781555179954228,9.14835227643464,5.57380847944687,1.6593488186814749,8.839760352112089,9.720197593022569,10.217553231730731,10.611409039945874,10.205360328223994,6.968264315157697,2.745410304154755,10.338810920846768,11.009265789810156,10.74460900413335,10.3631445105569,10.923380184150307,7.372494000453275,4.363935347978299,10.393677627731096,10.98661382392724,10.861928797777116,10.860567934443822,10.668065564089437,8.192865214795669,3.2831581162779835,10.513471157411756,10.96943720112553,10.547223263146623
ZONE1_FRONTPERIMETER_WALL_2:Surface Inside Face Conduction Heat Transfer Rate [W](Hourly),-16.380412877154527,-16.845275275525537,-15.655223256557084,-15.37274880123564,-1.6770788600043236,7.683625965426294,-24.88326904376895,-22.41703040265754,-19.299480772876635,-18.453774186756338,-16.908114339839262,-2.387818555174467,13.398484087269862,-21.83236459995781,-17.499518810015275,-16.30533191145499,-14.820682347293626,-16.294750665983813,-0.4335141225416571,16.497065908125975,-18.529279118088592,-16.047801582080336,-14.68291071405792,-14.801215330706183,-15.466259832395007,-2.085236255746065,15.518646084723832,-18.38262669064809,-16.326941221625432,-14.410152301130486
ZONE1_FRONTPERIMETER_WALL_2:Surface Inside Face Temperature [C](Hourly),10.316873606621618,10.283253875954273,9.692136682290467,9.06933664413191,5.551230362147813,1.688559779471855,8.74406357723781,9.631168081502066,10.13397149449774,10.516088073513464,10.11876317447024,6.929728152495286,2.81241781988526,10.262570527642582,10.92799977067755,10.652388814811506,10.30148246844871,10.837815151774985,7.359772516672539,4.424748825026106,10.327837796783047,10.912316532656538,10.785761038144758,10.78069834736282,10.597323349474305,8.16078665493432,3.3430807079765343,10.452957015438251,10.88920501709113,10.457384052797956
ZONE1_FRONTPERIMETER_WALL_2:Surface Outside Face Temperature [C](Hourly),10.085039982293807,10.044841007535588,9.4705667393075,8.851764590411458,5.527494497043911,1.7973069074534962,8.391888177826077,9.313897604628862,9.860824009829567,10.25490995887574,9.87946093847954,6.895933117288611,3.002047907340653,9.953574884442798,10.680327327977604,10.421617818912337,10.09172386655313,10.607193913302927,7.3536369478697345,4.658233451386756,10.065591053288612,10.685190389306632,10.577952331975382,10.571215264103076,10.37842782476256,8.131274097322075,3.562717660565184,10.192785858440017,10.658128182460448,10.25343572376981
ZONE1_FRONTPERIMETER_WALL_3:Surface Inside Face Conduction Heat Transfer Rate [W](Hourly),-0.0008754758995404,0.0462922502259507,0.1428588933665041,0.0368447152734786,0.0956862854042697,0.0602904946983017,-0.2250870661165883,-0.1634116983652518,-0.0920825928370689,0.0799657692961838,0.0448379226779048,0.257620217893786,-0.1019246021166193,-0.2786224225698335,-0.022376790800384,0.1489037093445491,-0.1319455447714093,0.0888109326034034,0.0474982152201747,0.1067364285499471,-0.2500694202002593,-0.0364838521311362,0.0367276161868456,0.0834910036475853,-0.0442635088742708,0.2042572592392283,0.07928303341031,-0.3066180249299695,0.0214397194938578,0.2026642542241134
ZONE1_FRONTPERIMETER_WALL_3:Surface Inside Face Temperature [C](Hourly),10.396657358363688,10.364655503233704,9.769396844613366,9.145216522031978,5.565664877616764,1.65421765718964,8.85891690559116,9.734105122197162,10.225390133000133,10.60460336886736,10.201544293484686,6.946338952823392,2.7540848323049816,10.362523724209987,11.011170218158943,10.73193621079829,10.374374040215566,10.915821725064694,7.368451555386464,4.354851298250524,10.414960362026749,10.989718866240558,10.858803009362076,10.853462240171863,10.671832712018238,8.175481430033566,3.276410551010414,10.539566591030209,10.967612524389788,10.529975054747435
ZONE1_FRONTPERIMETER_WALL_3:Surface Outside Face Temperature [C](Hourly),10.396582848969706,10.36859531187051,9.781555179954228,9.148352276434638,5.57380847944687,1.659348818681475,8.83976035211209,9.72019759302257,10.217553231730731,10.611409039945876,10.205360328223993,6.968264315157697,2.745410304154757,10.338810920846768,11.009265789810156,10.74460900413335,10.3631445105569,10.923380184150307,7.3724940004532735,4.363935347978298,10.3936776277311,10.986613823927238,10.861928797777116,10.860567934443822,10.668065564089437,8.192865214795672,3.2831581162779835,10.513471157411756,10.969437201125531,10.547223263146622
ZONE1_LEFTPERIMETER_FLOOR:Surface Inside Face Conduction Heat Transfer Rate [W](Hourly),-107.315477883482,-109.24708227245576,-105.84287072669916,-98.04322473774322,-63.78861287355259,-11.227181855796802,-70.83030994857496,-84.0339340167457,-99.80576482218883,-107.8309800346675,-107.77963876722178,-81.77414025736304,-35.69194838904337,-95.52428856887909,-112.28760197778588,-115.26510739380346,-113.01867468699446,-115.09596147115036,-86.2126603954925,-59.94941793490574,-105.70370999049015,-116.24421571527432,-119.51109866353409,-120.3289422248057,-113.7137652076114,-93.23564659996298,-47.73084526574284,-103.48126243832375,-115.16804600268416,-116.12486597967956
ZONE1_LEFTPERIMETER_FLOOR:Surface Inside Face Temperature [C](Hourly),9.559046958271404,9.581326834645676,9.346288962768831,8.807775956160263,6.442725792176603,2.8137131050495934,6.92890753284361,7.840528817341375,8.929467474145428,9.483554515899892,9.480009747286749,7.684505283272833,4.502840406525846,8.633860384649603,9.791254235259546,9.996830923745575,9.841729880339184,9.985152537381312,7.99095519495616,6.177655247655153,9.336680851507898,10.064431756749704,10.28998801419994,10.34645460200911,9.889721197721098,8.475845076073204,5.334045125624864,9.183235821433248,9.990129488625152,10.056191461607584
ZONE1_LEFTPERIMETER_FLOOR:Surface Outside Face Temperature [C](Hourly),2.1496362321308937,2.03855183933738,2.03855183933738,2.03855183933738,2.03855183933738,2.03855183933738,2.03855183933738,2.03855183933738,2.03855183933738,2.03855183933738,2.03855183933738,2.03855183933738,2.03855183933738,2.03855183933738,2.03855183933738,2.03855183933738,2.03855183933738,2.03855183933738,2.03855183933738,2.03855183933738,2.03855183933738,2.03855183933738,2.03855183933738,2.03855183933738,2.03855183933738,2.03855183933738,2.03855183933738,2.03855183933738,2.03855183933738,2.03855183933738
ZONE1_LEFTPERIMETER_ROOF:Surface Inside Face Conduction Heat Transfer Rate [W](Hourly),-30.826921904735794,-29.53975828894152,-43.11740594384733,-51.2366848339662,-42.78386721839266,-17.902545913870814,-37.8405180409986,-27.961346128763434,-21.91028668745753,-22.25773930141322,-30.468188006953284,-26.63158142635255,-12.117161087438271,-15.322849991722125,-13.13523461967205,-23.94939710095437,-25.975390646131416,-19.738540279624203,-18.59305738899442,-0.3678189313131532,-17.92930909664244,-16.381459330823574,-20.427425720919132,-22.145471121766334,-22.691639290100337,-9.327174080909415,-11.83073146237147,-12.11335305700896,-15.388408136206296,-28.967288004404725
ZONE1_LEFTPERIMETER_ROOF:Surface Inside Face Temperature [C](Hourly),10.931290120617636,10.995112009828368,10.466694187258184,9.684611899998073,6.833985454956839,2.713247766237584,7.606445885882092,8.927694689081052,10.316916472415707,10.979284011974178,10.81789427426917,8.625562639024968,4.9391155580545,10.076601211650678,11.51549831799656,11.559471185724822,11.311610908180056,11.651099215689031,9.162439695848873,7.222450652897341,10.83016545092147,11.78448234681317,11.938887325776946,11.98881926890606,11.481956011238353,9.940950744129252,5.963405658420864,10.771566097609474,11.707378972358264,11.535736943343968
ZONE1_LEFTPERIMETER_ROOF:Surface Outside Face Incident Solar Radiation Rate per Area [W/m2](Hourly),22.07980364407395,30.400833383827585,39.98650555073328,41.23011576071191,42.25221276314912,17.917495740377177,35.55724846653441,6.461482506509429,22.60629959698152,25.33301803072422,37.36481255129694,37.54491481338654,26.73395190095076,10.538871037998424,8.21366062437862,38.6640008019414,42.89707585207251,14.315836765198418,30.63011987245648,37.71403745012478,42.655618860034174,25.52682560922072,46.734037044604726,44.8937575380013,21.78588258330857,5.227734382929479,43.41357403736922,27.76689358105679,12.958673294817943,59.38269731197765
ZONE1_LEFTPERIMETER_ROOF:Surface Outside Face Temperature [C](Hourly),1.008730039349909,1.4868637548146364,-3.411923092416083,-6.807436355780131,-6.937272483003689,-3.049218171392971,-4.573648348904988,-0.0724947483585309,3.2644401750433505,3.8149697747639415,1.010803348985757,0.0533974524138161,1.038847497686306,5.144486998983924,7.287533064183106,3.850646659593602,2.9506602068048715,5.29766397987959,3.177712138329952,7.104057209132144,5.059084988304021,6.511623287733076,5.363713857344627,4.860641878611756,4.177978179968542,6.938722837876668,2.155333477114592,6.872523764897223,6.754162924436248,2.2117552463281704
ZONE1_LEFTPERIMETER_WALL_0 WINDOW:Surface Inside Face Temperature [C](Hourly),9.600740639390088,9.887453505189576,9.307021676826698,8.163977848227995,5.270310944075341,1.5667931139565134,6.026560188761692,7.584296680640971,9.438834137509412,10.044172076482752,9.780937988037987,7.876394817859814,4.4921162778523565,9.305089672456328,10.780265619039271,10.658283740424546,10.32287008940184,10.651668473481456,8.312953452709293,7.116248062536201,10.106429037578662,10.894254712812367,11.075142634238674,11.118610833643094,10.280423286725595,9.272381378255115,5.365636062251379,10.173524240207083,10.960585459421246,10.54168125371961
ZONE1_LEFTPERIMETER_WALL_0 WINDOW:Surface Outside Face Incident Solar Radiation Rate per Area [W/m2](Hourly),40.90009984812499,65.07724577605968,112.0188087863026,116.44955064780169,120.05650128642468,16.113667153091214,82.6930322650551,3.810870434181265,35.6546061806447,52.00798182292698,100.363158978368,100.80271651041456,56.35746372884021,8.975193507519716,6.2046497678774735,91.71753887179746,109.79963944108734,10.13307038871855,62.260419826824695,85.4413387025143,86.52206467929507,32.49157942743822,97.64952726643752,97.62259622523476,18.812455683432837,2.7409971837948515,84.81185787130664,37.89454508148457,19.999261676700083,125.54682508621202
ZONE1_LEFTPERIMETER_WALL_0 WINDOW:Surface Outside Face Temperature [C](Hourly),2.8684756192377656,4.380765940184282,3.1540020191279887,-0.112819241771571,-2.774235731874408,-2.947685851813393,-2.301341122870003,0.3071797731455946,5.011981417793421,5.428941384319337,4.485183440505354,4.883549905084867,3.8201962285947904,5.551331929692039,7.550979045133964,6.283518577757725,5.600260777812711,6.077068430367826,5.026501949350736,8.44631212255819,6.675843358013926,7.020431051184936,7.154976128941978,7.212066916979018,4.588609795233431,7.25580117091732,4.270442989859775,7.68612107119496,7.742139037762857,5.878239773287734
ZONE1_LEFTPERIMETER_WALL_0:Surface Inside Face Conduction Heat Transfer Rate [W](Hourly),-57.89858063075749,-64.63412203188078,-52.16729534872584,-36.332946614019455,74.76309694692479,154.5740707048872,-176.35397828911763,-132.34428745642333,-143.5048127888435,-121.95803159471286,-90.1008713126462,30.28448693580912,116.5750354158851,-167.7377126933133,-110.7117211512312,-76.41847955018741,-64.07712179033568,-56.01259322954939,47.09837288585515,81.83967331206281,-143.07779585596947,-81.81784941472547,-65.30343203924187,-53.35251886450231,-34.00688751878192,48.35272591684427,128.4706841726324,-156.93167589480657,-90.28179631985564,-57.36689578844069
ZONE1_LEFTPERIMETER_WALL_0:Surface Inside Face Temperature [C](Hourly),11.2236499978209,11.222480329056683,10.953671405287386,10.399161249775128,7.94675972194699,3.789850031095659,7.622554681589672,8.950245952562662,10.143042101110646,10.870969708471174,10.96547905052238,9.215550391384198,5.610482269600685,9.691070786016654,11.301607146190918,11.63079471474853,11.480603005229671,11.760005133403462,9.689712172201398,7.463072631366636,10.5559374664709,11.7174588145182,11.996264403634925,12.113022840803458,11.736278222161744,10.301431857326492,6.657566836394335,10.346566717371262,11.603676944077217,11.756717272012787
ZONE1_LEFTPERIMETER_WALL_0:Surface Outside Face Incident Solar Radiation Rate per Area [W/m2](Hourly),40.9000998496033,65.07724577843162,112.01880879043232,116.4495506520954,120.05650129085149,16.113667153637973,82.69303226807806,3.810870434302039,35.654606181919426,52.0079818248154,100.36315898205572,100.8027165141174,56.357463730888206,8.97519350782166,6.2046497680827,91.71753887514492,109.79963944510662,10.133070389050149,62.260419829079815,85.44133870562155,86.5220646824456,32.49157942858179,97.64952726999849,97.62259622879928,18.81245568406811,2.7409971838795197,84.81185787438125,37.894545082827065,19.99926167741416,125.54682509077844
ZONE1_LEFTPERIMETER_WALL_0:Surface Outside Face Temperature [C](Hourly),3.321845979706088,5.423849056103016,6.291813867613009,3.173972782744105,-0.7050169541859477,-2.303682857239686,0.6392039757955704,0.0649749771885374,5.241148288146275,6.145333535133342,6.240046305725244,7.219753444908117,5.537775078220484,5.581755345530712,7.419633326716496,7.576239146399192,6.788410440559711,6.198822778555723,5.870022178768937,9.531548828903455,7.772603751850807,7.53035402662336,8.490963852289696,8.700944274611574,4.984303467785686,7.1763865112653145,6.083391501532361,8.048296860220345,7.936207126434719,8.846121781996986
ZONE1_LEFTPERIMETER_WALL_1:Surface Inside Face Conduction Heat Transfer Rate [W](Hourly),0.0097499139542224,0.0321794784225399,0.1116559370021711,0.0925761167505635,0.2083454943460837,0.2410666692213842,-0.3660218818539945,-0.2070752430521218,-0.1383993436050654,0.0526292975027115,0.0218058070494218,0.2675869442126877,0.0809281352776559,-0.4378234256738191,-0.0656838950602283,0.1245636733115652,-0.137865357094022,0.0744275884082989,0.1315316876906608,0.2000995575297004,-0.3815296401930755,-0.059133399018282,0.0154947400099686,0.0629119569648981,-0.0217560510327867,0.2738649416242039,0.2151029580734063,-0.4658647339372064,-0.0179743728027633,0.1643610244545463
ZONE1_LEFTPERIMETER_WALL_1:Surface Inside Face Temperature [C](Hourly),11.290859614844813,11.335721587976517,10.988613091508542,10.324575284523725,7.419309618526872,3.016045647904576,8.062622354493978,9.266548678187812,10.56304412126146,11.214163590432852,11.167085388193092,8.972054217765194,5.110810228055208,10.225015660955515,11.637659419591069,11.817629769673765,11.60530550215229,11.868226374994004,9.396438218540176,7.180683722896233,11.005881883275473,11.943919758454156,12.15137549137934,12.224891454640876,11.744062752688,10.040023272421871,6.1163340999003895,10.868763949589912,11.86271575362197,11.8608777799929
ZONE1_LEFTPERIMETER_WALL_1:Surface Outside Face Temperature [C](Hourly),11.29168940374074,11.338460296645858,10.99811582734024,10.332454188283116,7.437041341959159,3.0365621823311635,8.031471218734742,9.248925062419213,10.551265326180165,11.218642728081988,11.16894122165391,8.994827821311372,5.1176978035083645,10.187753689341536,11.632069240332244,11.82823104815018,11.593572153223596,11.874560706425214,9.407632525938244,7.19771365687285,10.973410924004884,11.938887074256716,12.1526942069358,12.230245721720118,11.742211153827643,10.063331179405512,6.134640932855887,10.829115457814476,11.861186003202322,11.87486610375206
ZONE1_LEFTPERIMETER_WALL_2:Surface Inside Face Conduction Heat Transfer Rate [W](Hourly),-51.442635304068325,-55.723788882179626,-65.8779447291774,-63.26385607346509,-80.94462871677555,-50.3878955850489,17.46126468098007,6.283939588090289,-28.821363006551582,-40.91019145586436,-55.81169673600949,-90.10982028048076,-88.73630749770359,-9.425485564518532,-40.43259684864922,-61.049891823276845,-66.12784741887225,-54.22253110348575,-88.1606178813435,-106.82093259939592,-40.47114396592831,-54.42895932760706,-69.2193152810119,-72.89137391772653,-58.79075913025679,-82.10251009344871,-108.11814855625398,-28.078416991153304,-51.87411387529173,-70.62472203390031
ZONE1_LEFTPERIMETER_WALL_2:Surface Inside Face Temperature [C](Hourly),11.007420789196908,11.041576081061123,10.656101234442453,9.993293897902694,7.051600065611315,2.7993282865973903,8.013522849583826,9.171933097112015,10.35774179779449,10.97133753567637,10.873106629438071,8.58320507893326,4.7425522225360135,10.085745911762414,11.396422940981784,11.511631918562026,11.28076744897953,11.581038216630365,9.016323131590829,6.745887832910131,10.7678303519806,11.659705875999752,11.821730202142328,11.882162091964489,11.440339062692418,9.678677872832278,5.673117353579662,10.670862773152166,11.585294987041266,11.523489019843858
ZONE1_LEFTPERIMETER_WALL_2:Surface Outside Face Temperature [C](Hourly),10.28676583799677,10.260946859400738,9.733223416007355,9.10703659708844,5.917654514163488,2.093449083106247,8.258136034195875,9.25996420497483,9.953986083721162,10.398230581630362,10.09124591507251,7.320865236640079,3.499453789272413,9.953705187188598,10.830006564047965,10.656389830892428,10.35438876769823,10.821439971412934,7.781289479027753,5.249443618601323,10.20087397217256,10.89721579756069,10.852043443657005,10.861033815718576,10.616744948557216,8.528511672071488,4.158500565168461,10.277514918654974,10.858595493860513,10.53411405275622
ZONE1_LEFTPERIMETER_WALL_3:Surface Inside Face Conduction Heat Transfer Rate [W](Hourly),0.0097499139542249,0.0321794784225398,0.111655937002169,0.0925761167505632,0.2083454943460845,0.2410666692213839,-0.3660218818539905,-0.207075243052122,-0.1383993436050742,0.0526292975027146,0.0218058070494226,0.2675869442126887,0.080928135277659,-0.4378234256738231,-0.0656838950602283,0.1245636733115665,-0.1378653570940273,0.0744275884083003,0.1315316876906575,0.200099557529707,-0.3815296401930753,-0.0591333990182829,0.0154947400099718,0.0629119569648907,-0.0217560510327787,0.2738649416242011,0.2151029580734067,-0.4658647339372047,-0.0179743728027661,0.1643610244545441
ZONE1_LEFTPERIMETER_WALL_3:Surface Inside Face Temperature [C](Hourly),11.290859614844814,11.335721587976522,10.988613091508542,10.32457528452372,7.419309618526872,3.016045647904574,8.062622354493977,9.266548678187808,10.563044121261465,11.214163590432854,11.167085388193094,8.972054217765198,5.110810228055208,10.225015660955515,11.637659419591063,11.817629769673765,11.605305502152287,11.868226374994007,9.396438218540176,7.180683722896231,11.005881883275478,11.943919758454152,12.151375491379342,12.22489145464088,11.744062752688002,10.040023272421871,6.116334099900393,10.868763949589912,11.862715753621972,11.8608777799929
ZONE1_LEFTPERIMETER_WALL_3:Surface Outside Face Temperature [C](Hourly),11.291689403740742,11.338460296645858,10.99811582734024,10.332454188283114,7.437041341959159,3.036562182331162,8.031471218734742,9.248925062419213,10.551265326180165,11.218642728081988,11.168941221653911,8.994827821311373,5.117697803508366,10.187753689341536,11.63206924033224,11.828231048150183,11.59357215322359,11.87456070642522,9.407632525938244,7.197713656872849,10.973410924004884,11.938887074256714,12.1526942069358,12.230245721720118,11.742211153827643,10.063331179405512,6.13464093285589,10.829115457814476,11.861186003202326,11.87486610375206
ZONE1_REARPERIMETER_FLOOR:Surface Inside Face Conduction Heat Transfer Rate [W](Hourly),-104.20853169956416,-107.28486999725884,-101.8523208007962,-93.4103820812007,-58.92481634648154,-9.834164654352763,-67.4078256868931,-82.26736902623345,-97.11173594021844,-104.06561043848876,-103.54804362060143,-77.85180272345762,-31.69496006778495,-93.8849931955012,-110.74934556874344,-113.09632917516905,-110.0872051941044,-114.04707716948838,-83.33740418698903,-59.11220549582015,-102.44607071577371,-113.6527371949757,-116.40348208691864,-117.03861374961518,-111.8333479956156,-91.78393534797844,-41.81581024928656,-102.58667975726154,-112.89215676882304,-113.21996830135758
ZONE1_REARPERIMETER_FLOOR:Surface Inside Face Temperature [C](Hourly),9.410784548060294,9.514056391605807,9.135521690024715,8.547295677075082,6.144375268595938,2.723786790391053,6.735463042135696,7.770861452747622,8.805202384920749,9.289741541924448,9.2536779935106,7.4631891220817295,4.247025581037829,8.580366114179602,9.755457652627213,9.918993169185908,9.709320360528324,9.98524035725423,7.845420453616245,6.157432360793209,9.176893601948896,9.957763134467028,10.149432341526458,10.19368769305831,9.830989878904411,8.433966463379472,4.952236498537893,9.186691102097416,9.90476663609577,9.927608222274795
ZONE1_REARPERIMETER_FLOOR:Surface Outside Face Temperature [C](Hourly),2.1496362321308937,2.03855183933738,2.03855183933738,2.03855183933738,2.03855183933738,2.03855183933738,2.03855183933738,2.03855183933738,2.03855183933738,2.03855183933738,2.03855183933738,2.03855183933738,2.03855183933738,2.03855183933738,2.03855183933738,2.03855183933738,2.03855183933738,2.03855183933738,2.03855183933738,2.03855183933738,2.03855183933738,2.03855183933738,2.03855183933738,2.03855183933738,2.03855183933738,2.03855183933738,2.03855183933738,2.03855183933738,2.03855183933738,2.03855183933738
ZONE1_REARPERIMETER_ROOF:Surface Inside Face Conduction Heat Transfer Rate [W](Hourly),-30.07761003563697,-29.027434067547212,-42.09597973564041,-49.973650239737886,-41.46263088572452,-17.409605088102115,-36.859681532886434,-27.462145237131534,-21.2979557129426,-21.45440033151493,-29.493245419537413,-25.710790432738477,-11.128481139217762,-14.979270798549024,-12.887514078004571,-23.483655658789896,-25.33434043505573,-19.553620462122648,-17.946544710616518,-0.3084867008810824,-17.275344850871033,-15.888698938533896,-19.82630727536929,-21.47166454638314,-22.286556555479205,-9.094964008679202,-10.427468624761064,-11.960900651156436,-14.974283445093022,-28.28037878301869
ZONE1_REARPERIMETER_ROOF:Surface Inside Face Temperature [C](Hourly),10.77743186594848,10.915625259211202,10.25666113958578,9.418609286695672,6.526526595895817,2.6037186704315385,7.392789408529054,8.846959667548651,10.180091255112462,10.781699041807778,10.587569963024356,8.400584204750933,4.645681583553452,10.009092149167898,11.473145973382492,11.477998823643595,11.178736388806763,11.649565407965117,9.005491745288655,7.204354262186203,10.668785513216376,11.671283781750455,11.802579360133416,11.833886650222226,11.416350350240233,9.892864775270446,5.535956314623706,10.7582014549643,11.617117975736312,11.395621897539884
ZONE1_REARPERIMETER_ROOF:Surface Outside Face Incident Solar Radiation Rate per Area [W/m2](Hourly),22.07980364407395,30.400833383827585,39.98650555073328,41.23011576071191,42.25221276314912,17.917495740377177,35.55724846653441,6.461482506509429,22.60629959698152,25.33301803072422,37.36481255129694,37.54491481338654,26.73395190095076,10.538871037998424,8.21366062437862,38.6640008019414,42.89707585207251,14.315836765198418,30.63011987245648,37.71403745012478,42.655618860034174,25.52682560922072,46.734037044604726,44.8937575380013,21.78588258330857,5.227734382929479,43.41357403736922,27.76689358105679,12.958673294817943,59.38269731197765
ZONE1_REARPERIMETER_ROOF:Surface Outside Face Temperature [C](Hourly),1.0069130713642729,1.4862493952549396,-3.417948003101717,-6.815010616043261,-6.942343233252487,-3.0516799306557583,-4.580841832542006,-0.0739421548062806,3.2615868814945728,3.812374636802374,1.0068782676586687,0.0485987627877054,1.030665829406936,5.143172061335689,7.286719646110453,3.849483834989469,2.9490383151956947,5.29769715776258,3.175671750110601,7.1041443350920375,5.057000489460436,6.509941792925512,5.362130546824141,4.858954075696578,4.176705330776438,6.938424024240703,2.148659981655357,6.8727795589488325,6.752817997700703,2.208922153442582
ZONE1_REARPERIMETER_WALL_0 WINDOW:Surface Inside Face Temperature [C](Hourly),9.447751896155347,9.859674315053326,9.077019479456606,7.883828932907946,4.971749542651273,1.5018136287025452,5.835808204901298,7.541510949348672,9.29948244365942,9.81984468245136,9.534041591234798,7.645651548882114,4.194357679081024,9.313797266439986,10.786708003486202,10.605245659910262,10.18943694327587,10.69221942881154,8.132358757651353,7.140903194715733,9.918750799352424,10.76217640900366,10.92721357788493,10.943887013390343,10.242302288820738,9.26461267358262,4.882231816979531,10.27285902665938,10.870270476449384,10.42081764048289
ZONE1_REARPERIMETER_WALL_0 WINDOW:Surface Outside Face Incident Solar Radiation Rate per Area [W/m2](Hourly),29.05731257320625,65.83246217034973,94.10850451530682,97.8041217136558,98.9544389635932,14.89836003434344,75.60387717294695,3.3588846954280136,25.65970757987552,32.177158265248806,79.52982568376727,82.77505555839879,39.32771348192098,17.133210304201295,8.88704543028954,90.89988242520856,97.4970352419264,13.888013190638093,43.01292453648128,87.31982515885683,66.19037197802854,17.581854729716774,88.99666773858338,79.92226159999355,15.864708760358043,2.8917135254473174,49.65999547485743,59.79027420735193,9.852805823315911,116.56795808346044
ZONE1_REARPERIMETER_WALL_0 WINDOW:Surface Outside Face Temperature [C](Hourly),2.607191519068668,4.535356836434299,2.6346009035812266,-0.6529728285978732,-3.203023554648796,-2.9697638248288007,-2.6646229051554005,0.2921656542200477,4.659564959403812,4.973462598655659,3.9481056102219863,4.44384871340321,3.2709415699566318,5.739524379727509,7.624458667800229,6.257134197753341,5.366273181984482,6.1703974904495,4.627661278259731,8.509098171345038,6.272121731383727,6.621016097289612,6.648325470928209,6.695583477724701,4.510120010043313,7.2773756666418175,3.4291937183589263,8.126250893158437,7.505313738436435,5.682418216230968
ZONE1_REARPERIMETER_WALL_0:Surface Inside Face Conduction Heat Transfer Rate [W](Hourly),-59.7899348071813,-69.6863379856722,-51.87787519983032,-35.97211118949159,71.49496615466727,144.325666263255,-179.05199942464412,-137.9543749595371,-145.69274952474998,-121.67789791060056,-91.73748122120536,24.18724059512793,112.64174832214636,-178.87712779743296,-117.9191075081493,-79.04179326130065,-64.05684671636782,-59.717464501385656,49.026304227807294,75.82820169169612,-139.2184296863133,-82.46385851577715,-67.4096851259877,-56.40451134445991,-41.2756895811736,41.48985658410021,134.88390549784785,-167.97613675175947,-93.28302115173192,-58.60709593319882
ZONE1_REARPERIMETER_WALL_0:Surface Inside Face Temperature [C](Hourly),11.057677345977377,11.117273319804042,10.738149689446669,10.126619251152356,7.612176655896111,3.6365957423558073,7.386837577824724,8.838671020352315,9.992907733926764,10.668138634578185,10.721565836957067,8.956635436303811,5.307228363414719,9.565574822910731,11.222360198888923,11.533145964941646,11.343610790805576,11.73857334756387,9.541795390776956,7.416747536098586,10.403950072028596,11.602652812999338,11.846637461812746,11.942586132728051,11.639284507650755,10.222179453982289,6.273797623053494,10.27311399159312,11.497074986247966,11.607026286474394
ZONE1_REARPERIMETER_WALL_0:Surface Outside Face Incident Solar Radiation Rate per Area [W/m2](Hourly),29.057520222900777,65.83294544391298,94.10920241573449,97.80484716250858,98.95517282619404,14.898459819599596,75.60443269216286,3.3589050828846823,25.659888134529268,32.177388550847205,79.53041206753406,82.7756660557419,39.327997408180295,17.13333185732521,8.887106383987348,90.90055065638212,97.49775234139756,13.888107235341096,43.013233249347394,87.32046518739871,66.19085254774343,17.581970739503664,88.99731859322712,79.9228452412029,15.864813055524865,2.8917313030802174,49.66034792830407,59.79070867165334,9.852872398890774,116.5688089068113
ZONE1_REARPERIMETER_WALL_0:Surface Outside Face Temperature [C](Hourly),2.7768629096909225,5.667245871187613,5.166471934228189,2.0240430479301303,-1.5846520610968942,-2.388089872070203,-0.1949492718531361,0.029956988217012,4.639269603675685,5.265543369083535,5.131222402014132,6.254486129572721,4.451085612819276,5.869914062729758,7.54570658866034,7.535769815776327,6.367977222792878,6.362657418136441,5.182031517251046,9.632321709393816,7.064689317898583,6.8147469210441685,7.461887462859043,7.591754683376805,4.804771437329067,7.215303915489081,4.39107138850013,8.807028835123921,7.54741059029072,8.383523135768842
ZONE1_REARPERIMETER_WALL_1:Surface Inside Face Conduction Heat Transfer Rate [W](Hourly),0.0100483616122296,0.0300834470137575,0.1130831933992192,0.0972762372489935,0.2103151218956687,0.2399064414302406,-0.3694666661455941,-0.20631668437541,-0.1404974255352575,0.0548564004916134,0.0229464195201187,0.2679019787205696,0.0883313614168696,-0.4459948492759455,-0.0703921337424563,0.1210915946508518,-0.136864222418466,0.0727567296207519,0.1351369614123582,0.1918925722115076,-0.3735626464404591,-0.0584556522966586,0.0136767065800237,0.0661326797220644,-0.0201122583281788,0.2707973230668456,0.2263630879963564,-0.4775030529390302,-0.0185513528203002,0.1630760646453848
ZONE1_REARPERIMETER_WALL_1:Surface Inside Face Temperature [C](Hourly),11.134223559448714,11.253977419128118,10.775579122607189,10.05436404274745,7.105391653175967,2.9014405461847708,7.843615314168567,9.182787715018405,10.42335077859318,11.013477210884526,10.932819520963989,8.74198211932764,4.810923728183709,10.152341605748186,11.592525099717577,11.73435148153475,11.470840168800123,11.865939290215048,9.238721534069525,7.160426895954084,10.843225397832065,11.829578249272972,12.012087354023768,12.067583504154848,11.676059128119483,9.989498065303106,5.683436335890401,10.850599058430944,11.770664260406091,11.719102688715092
ZONE1_REARPERIMETER_WALL_1:Surface Outside Face Temperature [C](Hourly),11.135078748420357,11.256537740214071,10.785203328383693,10.062642961093376,7.123291006299902,2.9218583367514275,7.812171002103628,9.165228658134104,10.41139342141414,11.018145891265936,10.934772428877684,8.764782534611614,4.818441372258313,10.114384186297354,11.586534214955478,11.74465726075528,11.459192023745125,11.872131419358622,9.250222676596096,7.17675835553205,10.811432487924868,11.824603246272156,12.013251341655478,12.073211878266552,11.6743474280254,10.012544895540042,5.702701488152165,10.80996006069614,11.769085404772392,11.73298165300848
ZONE1_REARPERIMETER_WALL_2:Surface Inside Face Conduction Heat Transfer Rate [W](Hourly),-43.48396518930917,-51.32018138678103,-55.15085081285813,-49.93139087673629,-65.48385544574508,-44.91202455902508,27.349808763139748,10.037345095675745,-21.949785164453065,-30.977248611976435,-44.20818519666215,-78.40412710660551,-74.62929540580808,-6.132832506418924,-37.97004363220282,-56.470620460465376,-59.04431506855028,-53.57580299544188,-79.82976250813608,-104.6868643093094,-32.30844877369,-48.392962361409495,-61.87162765777913,-64.66845509027665,-54.99872744615981,-78.92364687806597,-87.91695118476714,-27.12268097278559,-46.97820274331249,-63.1890780106902
ZONE1_REARPERIMETER_WALL_2:Surface Inside Face Temperature [C](Hourly),10.875187675224003,10.972987107710065,10.47702123001815,9.766582046666803,6.786536847553312,2.705221208513335,7.83248624790478,9.102546416838718,10.239893634808269,10.80176623481512,10.675799776649583,8.388397053462926,4.496542012874877,10.02614164095877,11.358879418608256,11.441349376821265,11.167145066983258,11.57955945123952,8.882890790689173,6.728974394014837,10.63070333691469,11.562159258196552,11.703444542781812,11.748891319823809,11.382749401823212,9.63596614319451,5.318835563491427,10.657353589295331,11.507301871775928,11.403990037046675
ZONE1_REARPERIMETER_WALL_2:Surface Outside Face Temperature [C](Hourly),10.259754629382623,10.246647285513632,9.696465548199935,9.05989791984938,5.85973708504408,2.069576691070405,8.21957091318311,9.244605997594514,9.929236060676908,10.36334203909018,10.05011677032176,7.278735353070985,3.4403058950177026,9.939343029732113,10.821485473470938,10.642114859011444,10.331484783840777,10.821295583688892,7.753051925367502,5.24733040223597,10.173438527952634,10.877248668885995,10.827769012852164,10.83363200267556,10.604346737709411,8.518951625874932,4.074537882422738,10.2734834870681,10.84241452131004,10.50966849634255
ZONE1_REARPERIMETER_WALL_3:Surface Inside Face Conduction Heat Transfer Rate [W](Hourly),0.0100484013543007,0.0300835683269022,0.1130836483926627,0.0972766283175627,0.210315966821436,0.2399074054945001,-0.3694681508998944,-0.2063175137117125,-0.1404979901723952,0.0548566206670107,0.0229465122006253,0.2679030554207037,0.0883317162507241,-0.4459966417182765,-0.0703924167690872,0.1210920818334845,-0.1368647728147339,0.072757022446006,0.1351375040459171,0.1918933433813054,-0.3735641477371805,-0.0584558872634235,0.0136767618287558,0.0661329459450508,-0.0201123399057627,0.2707984116668062,0.2263639975255575,-0.4775049721661442,-0.0185514274516997,0.1630767206855487
ZONE1_REARPERIMETER_WALL_3:Surface Inside Face Temperature [C](Hourly),11.13422351778164,11.253977379036844,10.775579080973475,10.054363999309036,7.105391626716288,2.9014405444220834,7.843615269668522,9.18278767236471,10.423350736820616,11.013477169880042,10.93281948014412,8.741982094342116,4.810923723824789,10.152341564488925,11.592525060083872,11.734351442685238,11.470840130373938,11.865939251144978,9.238721511625826,7.160426887617252,10.843225358469205,11.829578210641804,12.012087316705951,12.067583466429364,11.676059089064472,9.98949804303737,5.683436330838106,10.85059901943177,11.770664221536729,11.719102650443274
ZONE1_REARPERIMETER_WALL_3:Surface Outside Face Temperature [C](Hourly),11.135078706698186,11.25653770015621,10.785203286788722,10.062642917660613,7.123290979803069,2.9218583349682743,7.812170957630663,9.165228615476517,10.41139337964947,11.018145850234207,10.934772388095883,8.764782509614792,4.818441367881152,10.11438414505813,11.586534175314524,11.744657221944458,11.459191985295954,11.872131380320836,9.250222654105595,7.176758347183046,10.811432448582394,11.82460320764064,12.013251304361082,12.07321184057532,11.674347388907725,10.012544873285302,5.702701483071103,10.809960021705308,11.769085365897569,11.73298161478393
ZONE1_RIGHTPERIMETER_FLOOR:Surface Inside Face Conduction Heat Transfer Rate [W](Hourly),-97.4207956008745,-98.31607002187693,-91.38628511805616,-84.18418974049025,-41.669140948442966,4.3907461468779685,-80.87075763756843,-91.0669972371154,-96.7638244716339,-101.11512841982469,-96.4385377978817,-57.63861841100552,-8.132563307738247,-98.34899565958963,-105.89094583257548,-102.58949219325972,-98.48810510343992,-104.75275285521464,-62.52692438565492,-26.443324672737518,-98.974474643485,-105.61499648129464,-104.10871786181224,-104.02888728076158,-101.92321428400189,-71.8792087383199,-14.063204575859457,-100.42924218046149,-105.38010076581295,-100.23871449717494
ZONE1_RIGHTPERIMETER_FLOOR:Surface Inside Face Temperature [C](Hourly),8.875872153043128,8.82660030173502,8.34814631399263,7.850891160864065,4.915519440682405,1.735401015423636,7.622121462416062,8.326101681728547,8.71942842212016,9.019856033479815,8.696969614469378,6.018102028767143,2.600049403714803,8.828873590571725,9.349593379959405,9.121650712041047,8.83847814093895,9.271008982839312,6.35560593680135,3.86428154299128,8.872058612653548,9.330540975105908,9.226542795920706,9.2210310433371,9.075648804759147,7.001316850651821,3.0095193950615298,8.972500305861198,9.31432304145636,8.959345679691847
ZONE1_RIGHTPERIMETER_FLOOR:Surface Outside Face Temperature [C](Hourly),2.1496362321308937,2.03855183933738,2.03855183933738,2.03855183933738,2.03855183933738,2.03855183933738,2.03855183933738,2.03855183933738,2.03855183933738,2.03855183933738,2.03855183933738,2.03855183933738,2.03855183933738,2.03855183933738,2.03855183933738,2.03855183933738,2.03855183933738,2.03855183933738,2.03855183933738,2.03855183933738,2.03855183933738,2.03855183933738,2.03855183933738,2.03855183933738,2.03855183933738,2.03855183933738,2.03855183933738,2.03855183933738,2.03855183933738,2.03855183933738
ZONE1_RIGHTPERIMETER_ROOF:Surface Inside Face Conduction Heat Transfer Rate [W](Hourly),-28.098530358485338,-26.5718899871129,-39.42806696892546,-47.65115158763459,-37.24434691476572,-13.931911847851344,-39.996653596892,-29.25434733708549,-20.84026982597732,-20.355164129700835,-27.5147889007578,-20.650522256600905,-5.261584881130843,-15.668102915285289,-11.270965161366467,-20.657918661907807,-22.22033473203527,-16.893202426654238,-12.590853220565547,7.975978866727566,-16.07845622808011,-13.477050185420737,-16.517067878787064,-18.007559675082028,-19.504175711987237,-3.8632387456805497,-3.429752500738551,-11.063868944780856,-12.739111624193114,-24.95435232449121
ZONE1_RIGHTPERIMETER_ROOF:Surface Inside Face Temperature [C](Hourly),10.037671469475152,10.02977678561684,9.248140899401315,8.496892594614087,5.017373179135007,1.4070767216711415,8.326226151758455,9.34988501444195,9.957638129326966,10.359460122650416,9.845468091459768,6.65325196084859,2.6661618206170328,10.187083142852911,10.900698527252038,10.482180044035532,10.086885983064798,10.723716354068284,7.199695800657416,4.50560899165767,10.224971619429567,10.847129101795526,10.66165360939783,10.639442466299151,10.430765442147877,8.164339160435864,3.2192337270239717,10.431111215845936,10.83306471084497,10.214263142844668
ZONE1_RIGHTPERIMETER_ROOF:Surface Outside Face Incident Solar Radiation Rate per Area [W/m2](Hourly),22.07980364407395,30.400833383827585,39.98650555073328,41.23011576071191,42.25221276314912,17.917495740377177,35.55724846653441,6.461482506509429,22.60629959698152,25.33301803072422,37.36481255129694,37.54491481338654,26.73395190095076,10.538871037998424,8.21366062437862,38.6640008019414,42.89707585207251,14.315836765198418,30.63011987245648,37.71403745012478,42.655618860034174,25.52682560922072,46.734037044604726,44.8937575380013,21.78588258330857,5.227734382929479,43.41357403736922,27.76689358105679,12.958673294817943,59.38269731197765
ZONE1_RIGHTPERIMETER_ROOF:Surface Outside Face Temperature [C](Hourly),0.9933435790194908,1.4768424276108076,-3.442927323891658,-6.841014186201825,-6.970801336237758,-3.0773136462699355,-4.547858187745906,-0.0664761319330464,3.249592148737518,3.807559496379375,0.989034339223548,0.0062817451465744,0.9725679464434388,5.143849266229507,7.272811116033144,3.832829080516713,2.934626039636196,5.286148626603044,3.1469640921107582,7.072909387717162,5.049653613689772,6.509149167686192,5.345155707949725,4.8431865009331245,4.152780148194477,6.92084359361181,2.115268295236818,6.869883735369913,6.732611730124435,2.181980249853561
ZONE1_RIGHTPERIMETER_WALL_0:Surface Inside Face Conduction Heat Transfer Rate [W](Hourly),-0.007882633755044,0.3462006373771065,1.064966353701197,0.283376959358345,0.7018326826330981,0.4502366705834391,-1.6703480441643304,-1.223217636177149,-0.6924822115279596,0.5993985179290107,0.3382547488026131,1.9147967609121883,-0.7639607310164692,-2.0737732182292263,-0.1679277121874136,1.11578263784151,-0.9892609985525596,0.6663349077368181,0.3418857315425591,0.8021328447449815,-1.8637334807635175,-0.2712754377949563,0.2739579932080076,0.6254001405785878,-0.3323720385026346,1.5209099718031611,0.590778125569905,-2.2847781489345245,0.1619339932355371,1.5197694513352336
ZONE1_RIGHTPERIMETER_WALL_0:Surface Inside Face Temperature [C](Hourly),10.325784886247074,10.293809688763506,9.696918320769592,9.07313004624797,5.525357635463028,1.6534961226146916,8.787293659212546,9.663276124314027,10.156452999818004,10.534354603102662,10.130682985429244,6.905154800032446,2.7543462783883883,10.294748730441071,10.943493581704884,10.66188727389701,10.306350809025584,10.846884372662624,7.329772695073184,4.353512056629191,10.348023928117152,10.921799547958718,10.79059404350128,10.784847788992352,10.603301258494554,8.135999641018037,3.275050981124868,10.4747128886524,10.900193946391886,10.460073353112472
ZONE1_RIGHTPERIMETER_WALL_0:Surface Outside Face Temperature [C](Hourly),10.325695310882177,10.29774378609516,9.709020208629006,9.076350238296458,5.533333005193517,1.658612447349892,8.768312435396021,9.649375926801472,10.148583885418825,10.54116594847697,10.13452678859138,6.926913849596404,2.745664908255307,10.271183130602497,10.941585312646136,10.674566619410331,10.295109209113464,10.854456358671593,7.333657759394215,4.3626272006914615,10.32684514297934,10.918716873172045,10.793707201865836,10.791954607289703,10.59952430429916,8.153282705275474,3.281764367515521,10.448749506010357,10.902034105022208,10.47734345691275
ZONE1_RIGHTPERIMETER_WALL_1:Surface Inside Face Conduction Heat Transfer Rate [W](Hourly),-0.0008773405702,0.0462885920892461,0.1428535657077088,0.0368706781188352,0.0956318251021784,0.0603161559358904,-0.2250419592348264,-0.1634146953313874,-0.092098493848479,0.079965830615349,0.0448325971458138,0.2575628638382849,-0.1019000815291287,-0.2785846594357037,-0.0223866369143837,0.1489007305184682,-0.1319455728066696,0.0888177525154582,0.0474399932433931,0.1067570161671881,-0.2500373605206635,-0.0364894550766332,0.0367289991954229,0.0834896228799177,-0.0442604025539498,0.204214033942383,0.0792972160188955,-0.3065858613660053,0.0214378680121451,0.2026488675248969
ZONE1_RIGHTPERIMETER_WALL_1:Surface Inside Face Temperature [C](Hourly),10.396429347480623,10.364403696523532,9.769074237199067,9.144914655196487,5.5656439746130415,1.654422973194211,8.85853950562857,9.733688131257402,10.224965134844192,10.604239634943376,10.201174194068477,6.946090224112896,2.754438962286178,10.36216217835946,11.010881312195266,10.73157891148148,10.37397904460196,10.915503886954356,7.368440181864891,4.355260737869488,10.41454942542296,10.98943255643124,10.858506371584417,10.853180112686758,10.671519391926566,8.175431534320488,3.276801809564533,10.539241310121126,10.967354251359913,10.529614103450491
ZONE1_RIGHTPERIMETER_WALL_1:Surface Outside Face Temperature [C](Hourly),10.396354679689678,10.368343177991424,9.781232070248802,9.148052606613932,5.57378290875916,1.659556298011392,8.839386868058712,9.71978040292126,10.217126911788334,10.61104528388527,10.204989760229422,6.968010617089043,2.745766555875825,10.338452684215186,11.00897605352845,10.744251400359571,10.362749557694244,10.92306289608084,7.372477655587553,4.364346503233608,10.393269505174937,10.986327049748928,10.861632265139049,10.860285660884523,10.667752523509256,8.192811570434982,3.2835505547490875,10.51314871873616,10.969178763187408,10.546860933005492
ZONE1_RIGHTPERIMETER_WALL_2:Surface Inside Face Conduction Heat Transfer Rate [W](Hourly),-16.547463224704558,-17.015696023545583,-15.8099248599403,-15.52573375364675,-1.6950335049091665,7.757363718569434,-25.134881129850868,-22.64031579902854,-19.48859588411621,-18.637024698735548,-17.07398554631561,-2.4024554008693784,13.52675987606596,-22.05122795604878,-17.67544540208564,-16.465365701041353,-14.962883463843598,-16.45625198606803,-0.4386617284201263,16.656015286315675,-18.710208931132225,-16.208397794086235,-14.828364668577905,-14.948341287503132,-15.61912414242522,-2.105895846770731,15.668082960664426,-18.566004290310943,-16.491686218762734,-14.549977701262696
ZONE1_RIGHTPERIMETER_WALL_2:Surface Inside Face Temperature [C](Hourly),10.316474856283277,10.282836890254549,9.691644798197338,9.068866999250066,5.551068689622202,1.6887013418855703,8.743555333645713,9.630621475207604,10.133420520794658,10.515578469755472,10.118245772593678,6.929374750992085,2.8126677605098824,10.26208103094927,10.927561029846323,10.651881136862634,10.300945869602964,10.837340033093623,7.3596207559830065,4.425027863282669,10.327303119628764,10.911874662956183,10.785308214663248,10.7802540350851,10.596851900565872,8.160603276274642,3.343351123061572,10.452501227508408,10.888790351621566,10.456864987189707
ZONE1_RIGHTPERIMETER_WALL_2:Surface Outside Face Temperature [C](Hourly),10.084662979896352,10.044465584049815,9.470165028304422,8.85136843618673,5.527323122584165,1.7973735301840603,8.391443116905792,9.313455392642762,9.860406589976623,10.254494120630987,9.879057893874863,6.895718976276117,3.00216288406603,9.953167425297869,10.679947355835258,10.421219357064455,10.091332224005974,10.606805926482574,7.35347558454595,4.658360435424951,10.06519353938556,10.68481272271489,10.57757903038316,10.570844109486664,10.37804504021459,8.131101976825521,3.562843842953232,10.19241179669346,10.657759850133685,10.25303570009499
ZONE1_RIGHTPERIMETER_WALL_3:Surface Inside Face Conduction Heat Transfer Rate [W](Hourly),-0.0008773369828749,0.0462884060425861,0.1428529917506518,0.0368705296314407,0.0956314411846291,0.060315913561615,-0.2250410552157452,-0.1634140385065744,-0.0920981235838008,0.0799655091920709,0.044832416842002,0.2575618290545244,-0.1018996718926983,-0.2785835401278896,-0.0223865469078122,0.1489001320033483,-0.1319450424432716,0.0888173954930175,0.0474398030208964,0.1067565869692673,-0.2500363558212404,-0.0364893084705126,0.0367288515926972,0.0834892873097625,-0.0442602246372292,0.2042132134143474,0.0792968974037955,-0.3065846294485726,0.0214377817962866,0.2026480529230155
ZONE1_RIGHTPERIMETER_WALL_3:Surface Inside Face Temperature [C](Hourly),10.396429366130173,10.364403715172816,9.7690742560649,9.14491467383816,5.565643985170698,1.6544229735072224,8.858539523984836,9.733688149588184,10.224965152727089,10.604239653169488,10.201174212708816,6.946090234755111,2.754438962398878,10.362162195927036,11.010881329797453,10.731578929689372,10.373979062265114,10.915503904813578,7.368440191953084,4.355260738445242,10.41454944277142,10.989432574127948,10.858506389323304,10.853180130522205,10.671519409713513,8.175431544555751,3.27680181013989,10.539241326932885,10.96735426884013,10.529614121590376
ZONE1_RIGHTPERIMETER_WALL_3:Surface Outside Face Temperature [C](Hourly),10.396354698344409,10.368343196641538,9.781232089135145,9.148052625231246,5.573782919357103,1.6595562983299983,8.839386886369512,9.719780421250476,10.217126929677695,10.611045302111243,10.20498977886127,6.968010627772695,2.7457665559928124,10.33845270174364,11.00897607113266,10.744251418566568,10.362749575358242,10.923062913938308,7.372477665715064,4.364346503801749,10.393269522495943,10.986327067440294,10.861632282880402,10.860285678721274,10.66775254129727,8.192811580696423,3.2835505553345747,10.513148735513836,10.96917878066366,10.546860951140497
